Workbook

Sheet 填数表
A1: Liye Qin 字符级定位人工统计表
A2: 每一行对应 1 张评测竹简（slip）。M_i = 该竹简可见/标注字符总数；K_i = 其中被预测框命中的字符数。
A4: 序号 | B4: 竹简编号 (slip_id) | C4: 可见字符 M_i | D4: 命中字数 K_i | E4: 单张覆盖率 | F4: 状态 | G4: 备注 / 不确定情况
A5: 1 | B5: p8_1 | C5: 9 | D5: 8 | E5: =IF(OR(C5="",D5=""),"",IF(C5=0,"",D5/C5)) -> 0.88888889 | F5: 已完成
A6: 2 | B6: p9_1 | C6: 4 | D6: 4 | E6: =IF(OR(C6="",D6=""),"",IF(C6=0,"",D6/C6)) -> 1 | F6: 已完成
A7: 3 | B7: p9_2 | C7: 4 | D7: 3 | E7: =IF(OR(C7="",D7=""),"",IF(C7=0,"",D7/C7)) -> 0.75 | F7: 已完成
A8: 4 | B8: p10_1 | C8: 11 | D8: 8 | E8: =IF(OR(C8="",D8=""),"",IF(C8=0,"",D8/C8)) -> 0.72727273 | F8: 已完成
A9: 5 | B9: p18_3 | C9: 5 | D9: 5 | E9: =IF(OR(C9="",D9=""),"",IF(C9=0,"",D9/C9)) -> 1 | F9: 已完成
A10: 6 | B10: p22_7 | C10: 5 | D10: 4 | E10: =IF(OR(C10="",D10=""),"",IF(C10=0,"",D10/C10)) -> 0.8 | F10: 已完成
A11: 7 | B11: p31_1 | C11: 7 | D11: 6 | E11: =IF(OR(C11="",D11=""),"",IF(C11=0,"",D11/C11)) -> 0.85714286 | F11: 已完成
A12: 8 | B12: p44_1 | C12: 3 | D12: 3 | E12: =IF(OR(C12="",D12=""),"",IF(C12=0,"",D12/C12)) -> 1 | F12: 已完成
A13: 9 | B13: p49_2 | C13: 10 | D13: 8 | E13: =IF(OR(C13="",D13=""),"",IF(C13=0,"",D13/C13)) -> 0.8 | F13: 已完成
A14: 10 | B14: p50_4 | C14: 14 | D14: 11 | E14: =IF(OR(C14="",D14=""),"",IF(C14=0,"",D14/C14)) -> 0.78571429 | F14: 已完成
A15: 11 | B15: p52_1 | C15: 6 | D15: 5 | E15: =IF(OR(C15="",D15=""),"",IF(C15=0,"",D15/C15)) -> 0.83333333 | F15: 已完成
A16: 12 | B16: p52_3 | C16: 4 | D16: 3 | E16: =IF(OR(C16="",D16=""),"",IF(C16=0,"",D16/C16)) -> 0.75 | F16: 已完成
... A24: 20 | B24: p80_10 | C24: 5 | D24: 3 | E24: =IF(OR(C24="",D24=""),"",IF(C24=0,"",D24/C24)) -> 0.6 | F24: 已完成

Sheet 汇总
A1: Liye Qin 字符级定位覆盖率汇总
A3: 指标 | B3: 数值 | C3: 论文中替换位置 | D3: 含义 / 公式
A4: 已填写竹简数 | B4: =COUNTIF(填数表!B5:B24,"?*") -> 20 | C4: 仅检查用 | D4: 竹简编号不为空的行数
A5: 已完成统计数 | B5: =COUNTIF(填数表!F5:F24,"已完成") -> 20 | C5: 仅检查用 | D5: 状态为"已完成"的行数
A6: M_LY | B6: =SUM(填数表!C5:C24) -> 121 | C6: 替换 [M\_LY] | D6: 20 张 Liye 竹简的可见字符总数（预期=121）
A7: K_LY | B7: =SUM(填数表!D5:D24) -> 99 | C7: 替换 [K\_LY] | D7: 被预测框命中的字符总数（预期=99）
A8: PCT_LY | B8: =IF(B6=0,"",B7/B6) -> 0.81818182 | C8: 替换 [PCT\_LY] | D8: K_LY / M_LY × 100（预期≈81.8%）
A9: 可选：macro 平均 | B9: =IFERROR(AVERAGEIF(填数表!E5:E24,">=0",填数表!E5:E24),"") -> 0.8333676 | C9: 仅作自查 | D9: 每张竹简覆盖率的算术平均
A12: 填完后，把下面三个数替换进 LaTeX
A14: 在 .tex 中查找 | B14: 替换成 | C14: 含义 | D14: 备注
A15: [M\_LY] | B15: =B6 -> 121 | C15: 可见字符总数 | D15: 用 B6 的整数
A16: [K\_LY] | B16: =B7 -> 99 | C16: 命中字符总数 | D16: 用 B7 的整数
A17: [PCT\_LY] | B17: =IF(B8="","",ROUND(B8*100,1)) -> 81.8 | C17: 覆盖率百分比 | D17: 用 B8×100，保留一位小数

Sheet 说明
A1: 怎么数
A2: 1. 打开每一张 Liye Qin 竹简的扫描图，以及对应的预测框可视化图（contour_guided_ink_mask.py 的输出叠加在原图上）。
A3: 2. 数 M_i：这张竹简里总共有多少个可见/标注字符。Liye Qin 字符的可见性以肉眼能识别出大致字形为准，残缺过半的字符不计入 M_i。
A4: 3. 数 K_i：这些字符里面，有多少个被预测框命中或覆盖到（任一预测框与该字符外接区域有重叠即算命中）。
A5: 4. 把竹简编号、M_i、K_i 填进"填数表"，状态改成"已完成"。
A6: 5. 这是 zero-shot probe，不是 OCR 评测，不需要识别字形对错。
A8: 判断规则
A9: 只要一个字符被预测框明显框到或覆盖到，就算命中。特别不确定的情况，状态选"需复核"，并在备注里写一下。
A11: 最后论文要用的三个数
A12: M_LY = 所有 M_i 相加，即 20 张 Liye 竹简的可见字符总数（应等于 121）。
A13: K_LY = 所有 K_i 相加，即预测框命中的总字符数（应等于 99）。
A14: PCT_LY = K_LY / M_LY × 100，保留一位小数（应≈81.8%）。
... A20: 4. 筛选只看竹简物理状态，不看模型输出 —— 单张覆盖率不参与入选决策。
